,user_name,user_location,user_description,user_verified,date,text,hashtags,source
0,Hannah Lanerie,,Small Business OwnerğŸ’ğŸ»â€â™€ï¸ ScorpioğŸ¦‚ Boy MomğŸ’™â¤ï¸ GamerğŸ® SingerğŸ¤ CashApp:$LevisMom97,False,2022-08-10 06:56:41+00:00,"Hey, check out my website, "" Hannahâ€™s iPhone Case Store"" with this link: https://t.co/MZim7nfuGa

#phonecase #phonecases #shopphonecases #iphonecases #iPhone #iPhone13ProMax #iPhone13 #iPhone13ProMax #iPhone12 #iPhone13Pro #iPhone12ProMax #onlinestore #phoneaccessories #shop",['phonecase'],Twitter for iPad
1,slucent_jp,,éŸ³æ¥½ã¨ã‚¬ã‚¸ã‚§ãƒƒãƒˆğŸ§ ğŸ“±iPhone13Pro/Mi11Ultra ğŸ§ğŸ“±ğŸ¹ğŸ’»ğŸ“¸ğŸ› ã²ã£ãã‚Šnoteã‚‚å§‹ã‚ã¾ã—ãŸ,False,2022-08-10 05:38:42+00:00,"#Kyoto
shot on #iPhone13Pro https://t.co/WivTvxjJmC","['Kyoto', 'iPhone13Pro']",Twitter for iPhone
2,Domenic Grandoni,"Hamilton, Ontario",A Documentary of Creating my Reality,False,2022-08-10 05:13:25+00:00,"Tonightâ€™s view for the podcast,  what do you think ? #podcast #hamont #contentcreator #iphone13pro #nightphotography #hamontsnaps https://t.co/3C1eWOLPnm","['podcast', 'hamont', 'contentcreator', 'iphone13pro']",Twitter for iPhone
3,Uday Hardikar,Mumbai,Wild Whiskers Safaris - Customised jungle safaris in India and Africa.,False,2022-08-10 04:25:19+00:00,"Daily fix of green
On the way to Rongtong near Darjeeling, West Bengal
Mobile click- unedited 
#naturephotography #naturelovers #nature #naturelover #naturegeography #iphonography #shotoniphone #caseiphone #iphone13pro #darjeeling https://t.co/GpzNFiJAzH",['naturephotography'],Twitter for iPhone
4,Awaken Kables,Somewhere in Canada ,". Warzone, Vanguard and battlefield is what I stream! 2X warzone comp champion ğŸ†. #FTTB . COD player for @awakenmilitia",False,2022-08-10 04:20:25+00:00,No filters or anything! #iPhone13Pro https://t.co/laS8LpCvKf,['iPhone13Pro'],Twitter for iPhone
